{
  "schemaVersion": 1,
  "id": "wfb_commands",
  "version": "1.5.0",
  "name": "WFB's EZ Commands",
  "description": "A Useful tool kit for the develpers.",
  "authors": [
    "WForst_Breeze"
  ],
  "contact": {
    "homepage": "https://github.com/WForst-Breeze/glassplus-developerkit",
    "sources": ""
  },
  "license": "Creative Commons Attribution-NonCommercial 4.0 International License",
  "icon": "assets/wfb_commands/icon.png",
  "environment": "*",
  "entrypoints": {
    "main": [
      "wfb.commands.WfbCommandsMod"
    ],
    "client": [
      "wfb.commands.ClientInit"
    ]
  },
  "depends": {
    "fabricloader": ">=0.14.9",
    "fabric": "*",
    "minecraft": "~1.19",
    "java": ">=17"
  }
}