{
  "_fv": 33,
  "_type": "procedure",
  "definition": {
    "procedurexml": "<xml xmlns=\"https://developers.google.com/blockly/xml\"><block type=\"event_trigger\" deletable=\"false\" x=\"40\" y=\"40\"><field name=\"trigger\">no_ext_trigger</field><next><block type=\"entity_execute_command\"><value name=\"entity\"><block type=\"entity_from_deps\"></block></value><value name=\"command\"><block type=\"text\"><field name=\"TEXT\">/give @s minecraft:diamond_sword{display:{Name:'{\"text\":\"The Sword of Glass\",\"color\":\"gold\"}'},Enchantments:[{id:\"sharpness\",lvl:5},{id:\"unbreaking\",lvl:3},{id:\"sweeping\",lvl:3}]} 1</field></block></value></block></next></block></xml>"
  }
}