{"stats":{"minecraft:picked_up":{"minecraft:debug_stick":1,"minecraft:peony":8},"minecraft:used":{"minecraft:debug_stick":6,"minecraft:dirt":5,"minecraft:sand":10,"minecraft:grass_block":3},"minecraft:dropped":{"minecraft:debug_stick":1},"minecraft:custom":{"minecraft:jump":163,"minecraft:time_since_rest":11063,"minecraft:leave_game":1,"minecraft:crouch_one_cm":226,"minecraft:sprint_one_cm":18455,"minecraft:play_time":11063,"minecraft:time_since_death":11063,"minecraft:walk_one_cm":5841,"minecraft:sneak_time":74,"minecraft:total_world_time":12108,"minecraft:drop":1,"minecraft:fly_one_cm":49019}},"DataVersion":3120}