{"stats":{"minecraft:used":{"minecraft:oak_leaves":3,"minecraft:dirt":5,"minecraft:grass_block":7},"minecraft:picked_up":{"minecraft:bedrock":64},"minecraft:custom":{"minecraft:jump":144,"minecraft:time_since_rest":4547,"minecraft:crouch_one_cm":121,"minecraft:leave_game":1,"minecraft:sprint_one_cm":13970,"minecraft:play_time":4547,"minecraft:damage_taken":30,"minecraft:time_since_death":4547,"minecraft:walk_one_cm":2232,"minecraft:sneak_time":187,"minecraft:total_world_time":6953,"minecraft:fall_one_cm":269,"minecraft:fly_one_cm":83252}},"DataVersion":3120}