{"stats":{"minecraft:used":{"minecraft:diamond_sword":2},"minecraft:picked_up":{"minecraft:rotten_flesh":4},"minecraft:custom":{"minecraft:jump":136,"minecraft:time_since_rest":5928,"minecraft:damage_dealt":196,"minecraft:leave_game":1,"minecraft:sprint_one_cm":13410,"minecraft:play_time":5928,"minecraft:walk_on_water_one_cm":367,"minecraft:time_since_death":5928,"minecraft:walk_one_cm":2330,"minecraft:sneak_time":18,"minecraft:total_world_time":17864,"minecraft:fly_one_cm":67684}},"DataVersion":3120}