{"stats":{"minecraft:dropped":{"minecraft:glass_bottle":2},"minecraft:used":{"minecraft:coal_ore":77,"minecraft:birch_leaves":31,"minecraft:grass_block":13,"minecraft:oak_leaves":124,"minecraft:bedrock":85,"minecraft:mossy_cobblestone":59,"minecraft:dirt":73,"minecraft:potion":9,"minecraft:sculk_catalyst":1},"minecraft:mined":{"minecraft:birch_log":11,"minecraft:birch_leaves":28,"minecraft:grass":21,"minecraft:grass_block":88,"minecraft:dirt":175,"minecraft:tall_grass":15},"minecraft:killed":{"minecraft:skeleton":1,"minecraft:zombie":3,"minecraft:spider":1,"minecraft:warden":1,"minecraft:enderman":1,"minecraft:cow":1},"minecraft:picked_up":{"minecraft:sculk_catalyst":1,"minecraft:birch_log":11,"minecraft:debug_stick":1,"minecraft:birch_leaves":1,"minecraft:stick":2,"minecraft:bedrock":128,"minecraft:grass_block":7,"minecraft:dirt":486,"minecraft:mossy_cobblestone":2,"minecraft:coal_ore":1,"minecraft:arrow":1,"minecraft:rotten_flesh":8,"minecraft:wheat_seeds":8,"minecraft:glass_bottle":3,"minecraft:oak_leaves":3},"minecraft:custom":{"minecraft:time_since_rest":788,"minecraft:sprint_one_cm":54845,"minecraft:walk_one_cm":24459,"minecraft:mob_kills":8,"minecraft:drop":2,"minecraft:damage_dealt":6460,"minecraft:fly_one_cm":212118,"minecraft:crouch_one_cm":989,"minecraft:play_time":23396,"minecraft:deaths":4,"minecraft:sneak_time":672,"minecraft:jump":427,"minecraft:leave_game":1,"minecraft:time_since_death":761,"minecraft:total_world_time":25633,"minecraft:damage_resisted":700,"minecraft:fall_one_cm":10821}},"DataVersion":3120}