{"stats":{"minecraft:used":{"minecraft:oak_leaves":1,"minecraft:debug_stick":14},"minecraft:killed":{"minecraft:iron_golem":1,"minecraft:cow":5,"minecraft:zombie":3},"minecraft:picked_up":{"minecraft:beef":7,"minecraft:leather":2},"minecraft:custom":{"minecraft:jump":144,"minecraft:open_chest":1,"minecraft:time_since_rest":4188,"minecraft:leave_game":1,"minecraft:damage_dealt":2100,"minecraft:crouch_one_cm":42,"minecraft:sprint_one_cm":16396,"minecraft:play_time":4188,"minecraft:time_since_death":4188,"minecraft:walk_one_cm":2117,"minecraft:sneak_time":58,"minecraft:total_world_time":4303,"minecraft:mob_kills":9,"minecraft:fly_one_cm":95289}},"DataVersion":3120}