{"stats":{"minecraft:dropped":{"minecraft:debug_stick":1},"minecraft:used":{"minecraft:peony":8,"minecraft:sand":6,"minecraft:grass_block":18},"minecraft:picked_up":{"minecraft:debug_stick":1,"minecraft:sand":4},"minecraft:custom":{"minecraft:jump":205,"minecraft:time_since_rest":18914,"minecraft:crouch_one_cm":931,"minecraft:leave_game":2,"minecraft:play_time":28441,"minecraft:sprint_one_cm":22992,"minecraft:deaths":1,"minecraft:time_since_death":18868,"minecraft:walk_one_cm":8228,"minecraft:sneak_time":211,"minecraft:total_world_time":28441,"minecraft:drop":1,"minecraft:fly_one_cm":78632}},"DataVersion":3120}