{"stats":{"minecraft:dropped":{"minecraft:wheat_seeds":1},"minecraft:used":{"minecraft:diamond_sword":54,"minecraft:dirt":5,"minecraft:potion":2,"minecraft:egg":2,"minecraft:dandelion":1},"minecraft:mined":{"minecraft:grass":8,"minecraft:grass_block":127,"minecraft:sculk_catalyst":1,"minecraft:dirt":58,"minecraft:tall_grass":11,"minecraft:sculk_vein":8,"minecraft:sculk":131},"minecraft:killed":{"minecraft:skeleton":2,"minecraft:horse":11,"minecraft:zombie":7,"minecraft:bee":1,"minecraft:chicken":1,"minecraft:cow":2},"minecraft:picked_up":{"minecraft:bone":1,"minecraft:arrow":1,"minecraft:feather":2,"minecraft:chicken":1,"minecraft:rotten_flesh":14,"minecraft:leather":27,"minecraft:dandelion":1,"minecraft:wheat_seeds":6,"minecraft:beef":3,"minecraft:cornflower":1,"minecraft:dirt":62,"minecraft:egg":2},"minecraft:custom":{"minecraft:time_since_rest":14248,"minecraft:crouch_one_cm":10274,"minecraft:play_time":14248,"minecraft:sprint_one_cm":56156,"minecraft:damage_taken":60,"minecraft:walk_one_cm":33101,"minecraft:sneak_time":1517,"minecraft:mob_kills":24,"minecraft:drop":1,"minecraft:jump":422,"minecraft:damage_dealt":4355,"minecraft:leave_game":1,"minecraft:time_since_death":14248,"minecraft:damage_resisted":795,"minecraft:total_world_time":15345,"minecraft:fall_one_cm":22464,"minecraft:fly_one_cm":128682}},"DataVersion":3120}