{
  "minecraft:nether/root": {
    "criteria": {
      "entered_nether": "2022-09-01 18:32:00 +0800"
    },
    "done": true
  },
  "minecraft:end/root": {
    "criteria": {
      "entered_end": "2022-09-01 18:32:15 +0800"
    },
    "done": true
  },
  "minecraft:story/enter_the_nether": {
    "criteria": {
      "entered_nether": "2022-09-01 18:32:00 +0800"
    },
    "done": true
  },
  "minecraft:nether/explore_nether": {
    "criteria": {
      "minecraft:nether_wastes": "2022-09-01 18:32:02 +0800"
    },
    "done": false
  },
  "minecraft:adventure/adventuring_time": {
    "criteria": {
      "minecraft:beach": "2022-09-01 18:32:35 +0800",
      "minecraft:river": "2022-09-01 18:33:17 +0800",
      "minecraft:plains": "2022-09-01 18:30:08 +0800"
    },
    "done": false
  },
  "minecraft:story/enter_the_end": {
    "criteria": {
      "entered_end": "2022-09-01 18:32:15 +0800"
    },
    "done": true
  },
  "DataVersion": 3120
}